source,name,sentiment score
reddit,Concerta,-0.011824313
reddit,Amphetamine,-0.149455187
reddit,Wellbutrin,0.018901962
reddit,Memantine,0.281244083
reddit,Zoloft,-0.022332855
reddit,Adderall,-0.058305814
reddit,Strattera,-5.31E-05
reddit,Xanax,-0.290239772
reddit,Vyvanse,-0.060178177
reddit,Methylphenidate,0.018235294
news,Concerta,-0.037118206
news,Amphetamine,0.031538462
news,Ambien,-0.00589135
news,Adderall,-0.016937591
news,Risperdal,0.040000007
news,Clonidine,0.0076784
news,Seroquel,0.1025
news,Lisdexamfetamine,0.04675
news,Vyvanse,0.125504433
news,Methylphenidate,0.012095869
abstracts,Concerta,0.3207465
abstracts,Amphetamine,-0.318928026
abstracts,Atomoxetine,0.302673133
abstracts,Buspirone,0.16164556
abstracts,Lisdexamfetamine,0.294999997
abstracts,Roflumilast,0.41666664
abstracts,Risperidone,0
abstracts,Aripiprazole,0.163333333
abstracts,Methylphenidate,-0.12109833
blog,Intuniv,0.017699347
blog,Concerta,-0.088495209
blog,Prozac,-0.162024844
blog,Wellbutrin,-0.076441629
blog,Amphetamine,-0.003647132
blog,Focalin,-0.018201393
blog,Adderall,-0.09051477
blog,Strattera,-0.048975504
blog,Vyvanse,-0.036796233
blog,Methylphenidate,-0.03332162