reddit,sleepiness (meds),2
reddit,moodiness (due to meds),2
reddit,yoga,147
reddit,drug addiction,31
reddit,wrong dosage,8
reddit,exercise,10
reddit,sensory overload,6
reddit,hyperfocus,82
reddit,smoking and adhd,4
reddit,genetic factors,2
reddit,no meds: higher risk of injury,1
reddit,singing in public,13
reddit,omega-3,1
reddit,school,10
reddit,misunderstanding,4
reddit,random words (stuck in head),3
reddit,rejection dysphoria,7
reddit,coping strategies + meds,1
reddit,twitching/teeth grinding,101
reddit,internet/video games,21
reddit,tics (bc of meds),8
reddit,not diagnosed,8
reddit,anxiety (due to adhd),520
reddit,fatty acids,17
reddit,reward system,7
reddit,environmental factors,12
reddit,sociodemographic,2
reddit,suicide,5
reddit,journal/diary,360
reddit,medication,107
reddit,meternal iron deficiency,2
reddit,internet addiction,1
reddit,procrastination,191
reddit,adderall inconsistency,2
reddit,lifestyle,30
reddit,forgetfullness/memory problems,1082
reddit,depression (comorbidity),4
reddit,sleep deprivation,57
reddit,sleep problems and adhd,36
reddit,alternative methods,2
reddit,being late,387
reddit,distractions (interference control),194
abstracts,stress during pregnancy,3
abstracts,bipolar disorder (comorbidity),2
abstracts,alcohol and stimulants,3
abstracts,alcohol and adhd,1
abstracts,drug addiction,3
abstracts,exercise,2
abstracts,smoking and adhd,4
abstracts,genetic factors,33
abstracts,depression during pregnancy,3
abstracts,omega-3,5
abstracts,school,3
abstracts,juvenile offenders with adhd,1
abstracts,twitching/teeth grinding,47
abstracts,internet/video games,4
abstracts,tics (bc of meds),3
abstracts,anxiety (due to adhd),71
abstracts,mood disorder,1
abstracts,fatty acids,6
abstracts,environmental factors,34
abstracts,sociodemographic,19
abstracts,suicide,2
abstracts,prenatal exposure to phtalates,1
abstracts,journal/diary,1
abstracts,medication,37
abstracts,meternal iron deficiency,12
abstracts,internet addiction,5
abstracts,adverse events (due to meds),24
abstracts,procrastination,1
abstracts,lifestyle,2
abstracts,hypertensive disorders in pregnancy,4
abstracts,forgetfullness/memory problems,43
abstracts,depression (comorbidity),2
abstracts,sleep problems and adhd,16
abstracts,sleep deprivation,7
abstracts,tourettes (comorbidity),1
abstracts,zinc in blood,9
abstracts,alternative methods,3
abstracts,distractions (interference control),23
abstracts,student/teacher conflict,1
blog,sleepiness (meds),30
blog,bipolar disorder (comorbidity),10
blog,alcohol and stimulants,2
blog,moodiness (due to meds),21
blog,weight gain,7
blog,wrong dosage,166
blog,yoga,66
blog,drug addiction,48
blog,exercise,32
blog,dealing adhd drugs,4
blog,sensory overload,79
blog,hyperfocus,393
blog,smoking and adhd,41
blog,genetic factors,17
blog,accidental drug overdose,1
blog,premature birth,2
blog,singing in public,42
blog,omega-3,2
blog,school,96
blog,misunderstanding,2
blog,random words (stuck in head),2
blog,twitching/teeth grinding,172
blog,internet/video games,66
blog,tics (bc of meds),39
blog,not diagnosed,42
blog,anxiety (due to adhd),2177
blog,mood disorder,4
blog,fatty acids,80
blog,reward system,2
blog,environmental factors,39
blog,suicide,6
blog,journal/diary,521
blog,medication,828
blog,internet addiction,8
blog,meternal iron deficiency,3
blog,procrastination,278
blog,adderall inconsistency,6
blog,adverse events (due to meds),2
blog,lifestyle,12
blog,forgetfullness/memory problems,2022
blog,homework performance,23
blog,depression (comorbidity),9
blog,sleep deprivation,223
blog,sleep problems and adhd,220
blog,alternative methods,6
blog,distractions (interference control),540
blog,being late,383
blog,driving is a problem,3
news,stress during pregnancy,1
news,sleepiness (meds),1
news,moodiness (due to meds),6
news,drug addiction,9
news,wrong dosage,3
news,reducing processed foods + adhd,3
news,hyperfocus,3
news,accidental drug overdose,6
news,school,23
news,twitching/teeth grinding,9
news,not diagnosed,3
news,anxiety (due to adhd),246
news,reward system,1
news,environmental factors,11
news,suicide,8
news,journal/diary,31
news,alcohol during pregnancy,1
news,meternal iron deficiency,1
news,adverse events (due to meds),2
news,homework performance,7
news,sleep deprivation,20
news,tourettes (comorbidity),2
news,alternative methods,1
news,distractions (interference control),16
news,alcohol and stimulants,6
news,increased death rates (due to increase in prescriptions),1
news,weight gain,11
news,alcohol and adhd,4
news,yoga,8
news,exercise,12
news,dealing adhd drugs,4
news,smoking and adhd,26
news,genetic factors,3
news,no meds: higher risk of injury,5
news,premature birth,1
news,omega-3,19
news,coping strategies + meds,1
news,internet/video games,14
news,tics (bc of meds),2
news,fatty acids,22
news,sociodemographic,1
news,medication,137
news,internet addiction,2
news,procrastination,8
news,lifestyle,10
news,forgetfullness/memory problems,50
news,sleep problems and adhd,35
news,overdose on stimulants,2
news,excessive prescriptions,2
news,being late,8
news,shootings,1